"","Time","Exp","Concentration","seed_value","c.pred","c.pred.u","c.pred.l"
"1",0.0048,"Exp 1",5.97e-05,0.46296,6.33888802785732e-05,6.48611871232946e-05,6.19165734338519e-05
"2",0.0288,"Exp 1",6.48e-05,0.46296,6.48588823262072e-05,6.63311891709286e-05,6.33865754814858e-05
"3",0.0528,"Exp 1",6.64e-05,0.46296,6.62547578234854e-05,6.77270646682067e-05,6.4782450978764e-05
"4",0.0768,"Exp 1",6.8e-05,0.46296,6.75760373272356e-05,6.90483441719569e-05,6.61037304825142e-05
"5",0.1008,"Exp 1",6.94e-05,0.46296,6.88229489067111e-05,7.02952557514325e-05,6.73506420619897e-05
"6",0.1248,"Exp 1",7.09e-05,0.46296,6.99963406464965e-05,7.14686474912179e-05,6.85240338017752e-05
"7",0.1488,"Exp 1",7.19e-05,0.46296,7.10975995716415e-05,7.25699064163629e-05,6.96252927269202e-05
"8",0.1728,"Exp 1",7.27e-05,0.46296,7.21285699334689e-05,7.36008767781903e-05,7.06562630887476e-05
"9",0.1968,"Exp 1",7.37e-05,0.46296,7.30914733153503e-05,7.45637801600716e-05,7.16191664706289e-05
"10",0.2208,"Exp 1",7.51e-05,0.46296,7.39888325129033e-05,7.54611393576247e-05,7.2516525668182e-05
"11",0.2448,"Exp 1",7.58e-05,0.46296,7.48234006476346e-05,7.62957074923559e-05,7.33510938029132e-05
"12",0.2688,"Exp 1",7.63e-05,0.46296,7.55980965131342e-05,7.70704033578555e-05,7.41257896684128e-05
"13",0.2928,"Exp 1",7.69e-05,0.46296,7.63159467458584e-05,7.77882535905798e-05,7.48436399011371e-05
"14",0.3168,"Exp 1",7.75e-05,0.46296,7.69800350678211e-05,7.84523419125424e-05,7.55077282230997e-05
"15",0.3408,"Exp 1",7.79e-05,0.46296,7.7593458569272e-05,7.90657654139934e-05,7.61211517245506e-05
"16",0.3648,"Exp 1",7.83e-05,0.46296,7.81592907839133e-05,7.96315976286346e-05,7.66869839391919e-05
"17",0.3888,"Exp 1",7.83e-05,0.46296,7.86805511522779e-05,8.01528579969993e-05,7.72082443075566e-05
"18",0.4128,"Exp 1",7.9e-05,0.46296,7.91601803634215e-05,8.06324872081429e-05,7.76878735187002e-05
"19",0.4368,"Exp 1",7.99e-05,0.46296,7.96010210029363e-05,8.10733278476576e-05,7.81287141582149e-05
"20",0.4608,"Exp 1",8.02e-05,0.46296,8.00058029082365e-05,8.14781097529578e-05,7.85334960635151e-05
"21",0.4848,"Exp 1",8.03e-05,0.46296,8.03771326322422e-05,8.18494394769636e-05,7.89048257875209e-05
"22",0.5088,"Exp 1",8.03e-05,0.46296,8.07174864369615e-05,8.21897932816829e-05,7.92451795922402e-05
"23",0.5328,"Exp 1",8.04e-05,0.46296,8.10292062729518e-05,8.25015131176731e-05,7.95568994282304e-05
"24",0.5568,"Exp 1",8.09e-05,0.46296,8.13144982441842e-05,8.27868050889055e-05,7.98421913994628e-05
"25",0.5808,"Exp 1",8.1e-05,0.46296,8.15754331063901e-05,8.30477399511114e-05,8.01031262616687e-05
"26",0.6048,"Exp 1",8.09e-05,0.46296,8.18139483974076e-05,8.3286255242129e-05,8.03416415526862e-05
"27",0.6288,"Exp 1",8.15e-05,0.46296,8.20318518480524e-05,8.35041586927737e-05,8.0559545003331e-05
"28",0.6528,"Exp 1",8.2e-05,0.46296,8.22308257699553e-05,8.37031326146767e-05,8.07585189252339e-05
"29",0.6768,"Exp 1",8.21e-05,0.46296,8.24124321615634e-05,8.38847390062847e-05,8.0940125316842e-05
"30",0.7008,"Exp 1",8.2e-05,0.46296,8.25781183144247e-05,8.4050425159146e-05,8.11058114697033e-05
"31",0.7248,"Exp 1",8.17e-05,0.46296,8.27292227386661e-05,8.42015295833875e-05,8.12569158939448e-05
"32",0.7488,"Exp 1",8.21e-05,0.46296,8.28669812591474e-05,8.43392881038688e-05,8.1394674414426e-05
"33",0.7728,"Exp 1",8.23e-05,0.46296,8.29925331622454e-05,8.44648400069668e-05,8.15202263175241e-05
"34",0.7969,"Exp 1",8.25e-05,0.46296,8.31073819738191e-05,8.45796888185405e-05,8.16350751290978e-05
"35",0.8209,"Exp 1",8.25e-05,0.46296,8.32115421711248e-05,8.46838490158461e-05,8.17392353264034e-05
"36",0.8449,"Exp 1",8.27e-05,0.46296,8.33063982797791e-05,8.47787051245005e-05,8.18340914350578e-05
"37",0.8689,"Exp 1",8.3e-05,0.46296,8.33927626973855e-05,8.48650695421068e-05,8.19204558526641e-05
"38",0.8929,"Exp 1",8.28e-05,0.46296,8.3471380126592e-05,8.49436869713134e-05,8.19990732818707e-05
"39",0.9169,"Exp 1",8.25e-05,0.46296,8.3542932648717e-05,8.50152394934384e-05,8.20706258039957e-05
"40",0.9409,"Exp 1",8.27e-05,0.46296,8.36080445192587e-05,8.508035136398e-05,8.21357376745373e-05
"41",0.9649,"Exp 1",8.3e-05,0.46296,8.3667286680557e-05,8.51395935252783e-05,8.21949798358356e-05
"42",0.9889,"Exp 1",8.34e-05,0.46296,8.37211809920184e-05,8.51934878367398e-05,8.2248874147297e-05
"43",1.013,"Exp 1",8.33e-05,0.46296,8.37703988771644e-05,8.52427057218858e-05,8.2298092032443e-05
"44",1.037,"Exp 1",8.33e-05,0.46296,8.38149685993658e-05,8.52872754440871e-05,8.23426617546444e-05
"45",1.061,"Exp 1",8.34e-05,0.46296,8.38555013108209e-05,8.53278081555422e-05,8.23831944660995e-05
"46",1.085,"Exp 1",8.34e-05,0.46296,8.38923592655307e-05,8.53646661102521e-05,8.24200524208093e-05
"47",1.109,"Exp 1",8.34e-05,0.46296,8.39258728046208e-05,8.53981796493422e-05,8.24535659598995e-05
"48",1.133,"Exp 1",8.33e-05,0.46296,8.39563430640311e-05,8.54286499087524e-05,8.24840362193097e-05
"49",1.157,"Exp 1",8.34e-05,0.46296,8.39840444707761e-05,8.54563513154974e-05,8.25117376260547e-05
"50",1.181,"Exp 1",8.39e-05,0.46296,8.4009227040966e-05,8.54815338856874e-05,8.25369201962447e-05
"51",1.205,"Exp 1",8.41e-05,0.46296,8.40321184925996e-05,8.5504425337321e-05,8.25598116478783e-05
"52",1.229,"Exp 1",8.4e-05,0.46296,8.40529261858105e-05,8.55252330305319e-05,8.25806193410891e-05
"53",1.253,"Exp 1",8.36e-05,0.46296,8.40718389028074e-05,8.55441457475288e-05,8.25995320580861e-05
"54",1.277,"Exp 1",8.37e-05,0.46296,8.40890284792284e-05,8.55613353239497e-05,8.2616721634507e-05
"55",1.301,"Exp 1",8.39e-05,0.46296,8.41046512980558e-05,8.55769581427772e-05,8.26323444533345e-05
"56",1.325,"Exp 1",8.4e-05,0.46296,8.4118849656637e-05,8.55911565013584e-05,8.26465428119157e-05
"57",1.349,"Exp 1",8.39e-05,0.46296,8.41317530167346e-05,8.56040598614559e-05,8.26594461720132e-05
"58",1.373,"Exp 1",8.39e-05,0.46296,8.41434791469128e-05,8.56157859916342e-05,8.26711723021915e-05
"59",1.397,"Exp 1",8.44e-05,0.46296,8.4154135165953e-05,8.56264420106743e-05,8.26818283212316e-05
"60",1.421,"Exp 1",8.46e-05,0.46296,8.41638184953927e-05,8.56361253401141e-05,8.26915116506713e-05
"61",1.445,"Exp 1",8.46e-05,0.46296,8.41726177287118e-05,8.56449245734332e-05,8.27003108839905e-05
"62",1.469,"Exp 1",8.44e-05,0.46296,8.41806134241317e-05,8.56529202688531e-05,8.27083065794104e-05
"63",1.493,"Exp 1",8.43e-05,0.46296,8.41878788274739e-05,8.56601856721953e-05,8.27155719827526e-05
"64",1.517,"Exp 1",8.46e-05,0.46296,8.41944805310268e-05,8.56667873757482e-05,8.27221736863054e-05
"65",1.541,"Exp 1",8.44e-05,0.46296,8.42004790739026e-05,8.5672785918624e-05,8.27281722291813e-05
"66",1.565,"Exp 1",8.44e-05,0.46296,8.42059294889306e-05,8.56782363336519e-05,8.27336226442092e-05
"67",1.589,"Exp 1",8.44e-05,0.46296,8.4210881800722e-05,8.56831886454433e-05,8.27385749560006e-05
"68",1.613,"Exp 1",8.5e-05,0.46296,8.42153814791656e-05,8.5687688323887e-05,8.27430746344443e-05
"69",1.637,"Exp 1",8.52e-05,0.46296,8.42194698522567e-05,8.56917766969781e-05,8.27471630075354e-05
"70",1.661,"Exp 1",8.5e-05,0.46296,8.42231844818357e-05,8.5695491326557e-05,8.27508776371143e-05
"71",1.685,"Exp 1",8.49e-05,0.46296,8.42265595055127e-05,8.56988663502341e-05,8.27542526607914e-05
"72",1.709,"Exp 1",8.47e-05,0.46296,8.42296259477728e-05,8.57019327924942e-05,8.27573191030514e-05
"73",1.733,"Exp 1",8.5e-05,0.46296,8.42324120030002e-05,8.57047188477216e-05,8.27601051582788e-05
"74",1.757,"Exp 1",8.5e-05,0.46296,8.42349432929248e-05,8.57072501376462e-05,8.27626364482035e-05
"75",1.781,"Exp 1",8.49e-05,0.46296,8.42372431007752e-05,8.57095499454965e-05,8.27649362560538e-05
"76",1.805,"Exp 1",8.54e-05,0.46296,8.42393325842233e-05,8.57116394289446e-05,8.27670257395019e-05
"77",1.829,"Exp 1",8.55e-05,0.46296,8.42412309690248e-05,8.57135378137461e-05,8.27689241243034e-05
"78",1.853,"Exp 1",8.57e-05,0.46296,8.42429557250887e-05,8.571526256981e-05,8.27706488803673e-05
"79",1.877,"Exp 1",8.52e-05,0.46296,8.42445227265592e-05,8.57168295712805e-05,8.27722158818378e-05
"80",1.901,"Exp 1",8.5e-05,0.46296,8.42459463973509e-05,8.57182532420722e-05,8.27736395526295e-05
"81",0.0048,"Exp 2",5.99e-05,0.92593,6.75424629730199e-05,7.00987994730141e-05,6.49861264730257e-05
"82",0.0288,"Exp 2",6.91e-05,0.92593,6.92779662655486e-05,7.18343027655428e-05,6.67216297655545e-05
"83",0.0528,"Exp 2",7.13e-05,0.92593,7.09487712178953e-05,7.35051077178895e-05,6.83924347179011e-05
"84",0.0768,"Exp 2",7.34e-05,0.92593,7.2552441127676e-05,7.51087776276701e-05,6.99961046276818e-05
"85",0.1008,"Exp 2",7.53e-05,0.92593,7.40872196976016e-05,7.66435561975958e-05,7.15308831976074e-05
"86",0.1248,"Exp 2",7.68e-05,0.92593,7.55519982748123e-05,7.81083347748065e-05,7.29956617748181e-05
"87",0.1488,"Exp 2",7.82e-05,0.92593,7.69462737975664e-05,7.95026102975606e-05,7.43899372975722e-05
"88",0.1728,"Exp 2",7.96e-05,0.92593,7.82700996610308e-05,8.0826436161025e-05,7.57137631610367e-05
"89",0.1968,"Exp 2",8.1e-05,0.92593,7.95240316585427e-05,8.20803681585369e-05,7.69676951585485e-05
"90",0.2208,"Exp 2",8.23e-05,0.92593,8.07090710137433e-05,8.32654075137374e-05,7.81527345137491e-05
"91",0.2448,"Exp 2",8.33e-05,0.92593,8.18266063148798e-05,8.43829428148739e-05,7.92702698148856e-05
"92",0.2688,"Exp 2",8.41e-05,0.92593,8.28783559174575e-05,8.54346924174516e-05,8.03220194174633e-05
"93",0.2928,"Exp 2",8.49e-05,0.92593,8.38663121155121e-05,8.64226486155063e-05,8.13099756155179e-05
"94",0.3168,"Exp 2",8.58e-05,0.92593,8.47926881123228e-05,8.73490246123169e-05,8.22363516123286e-05
"95",0.3408,"Exp 2",8.64e-05,0.92593,8.5659868562138e-05,8.82162050621322e-05,8.31035320621438e-05
"96",0.3648,"Exp 2",8.71e-05,0.92593,8.64703642155647e-05,8.90267007155589e-05,8.39140277155705e-05
"97",0.3888,"Exp 2",8.77e-05,0.92593,8.72267709893425e-05,8.97831074893367e-05,8.46704344893483e-05
"98",0.4128,"Exp 2",8.8e-05,0.92593,8.79317335999548e-05,9.04880700999489e-05,8.53753970999606e-05
"99",0.4368,"Exp 2",8.85e-05,0.92593,8.8587913751061e-05,9.11442502510551e-05,8.60315772510668e-05
"100",0.4608,"Exp 2",8.92e-05,0.92593,8.91979627463113e-05,9.17542992463055e-05,8.66416262463171e-05
"101",0.4848,"Exp 2",8.94e-05,0.92593,8.97644983095697e-05,9.23208348095639e-05,8.72081618095756e-05
"102",0.5088,"Exp 2",9.02e-05,0.92593,9.02900853308961e-05,9.28464218308903e-05,8.7733748830902e-05
"103",0.5328,"Exp 2",9.02e-05,0.92593,9.07772202153122e-05,9.33335567153064e-05,8.82208837153181e-05
"104",0.5568,"Exp 2",9.09e-05,0.92593,9.12283184887387e-05,9.37846549887328e-05,8.86719819887445e-05
"105",0.5808,"Exp 2",9.11e-05,0.92593,9.16457053079722e-05,9.42020418079664e-05,8.90893688079781e-05
"106",0.6048,"Exp 2",9.16e-05,0.92593,9.20316085258518e-05,9.4587945025846e-05,8.94752720258576e-05
"107",0.6288,"Exp 2",9.13e-05,0.92593,9.23881539758773e-05,9.49444904758715e-05,8.98318174758831e-05
"108",0.6528,"Exp 2",9.16e-05,0.92593,9.27173626599289e-05,9.52736991599231e-05,9.01610261599348e-05
"109",0.6768,"Exp 2",9.18e-05,0.92593,9.30211495462397e-05,9.55774860462338e-05,9.04648130462455e-05
"110",0.7008,"Exp 2",9.22e-05,0.92593,9.33013237106504e-05,9.58576602106445e-05,9.07449872106562e-05
"111",0.7248,"Exp 2",9.23e-05,0.92593,9.35595895810405e-05,9.61159260810346e-05,9.10032530810463e-05
"112",0.7488,"Exp 2",9.25e-05,0.92593,9.37975490716243e-05,9.63538855716185e-05,9.12412125716302e-05
"113",0.7728,"Exp 2",9.31e-05,0.92593,9.40167044197525e-05,9.65730409197467e-05,9.14603679197584e-05
"114",0.7969,"Exp 2",9.33e-05,0.92593,9.42192676868528e-05,9.6775604186847e-05,9.16629311868587e-05
"115",0.8209,"Exp 2",9.33e-05,0.92593,9.44048756395292e-05,9.69612121395234e-05,9.18485391395351e-05
"116",0.8449,"Exp 2",9.36e-05,0.92593,9.45756286699102e-05,9.71319651699044e-05,9.2019292169916e-05
"117",0.8689,"Exp 2",9.38e-05,0.92593,9.47326671514915e-05,9.72890036514857e-05,9.21763306514973e-05
"118",0.8929,"Exp 2",9.4e-05,0.92593,9.48770515798138e-05,9.7433388079808e-05,9.23207150798196e-05
"119",0.9169,"Exp 2",9.36e-05,0.92593,9.50097669346867e-05,9.75661034346809e-05,9.24534304346925e-05
"120",0.9409,"Exp 2",9.38e-05,0.92593,9.5131727014743e-05,9.76880635147372e-05,9.25753905147489e-05
"121",0.9649,"Exp 2",9.4e-05,0.92593,9.52437786999242e-05,9.78001151999184e-05,9.26874421999301e-05
"122",0.9889,"Exp 2",9.4e-05,0.92593,9.53467061071407e-05,9.79030426071349e-05,9.27903696071466e-05
"123",1.013,"Exp 2",9.46e-05,0.92593,9.54416118661065e-05,9.79979483661007e-05,9.28852753661124e-05
"124",1.037,"Exp 2",9.48e-05,0.92593,9.55283811027593e-05,9.80847176027535e-05,9.29720446027651e-05
"125",1.061,"Exp 2",9.48e-05,0.92593,9.5608043756705e-05,9.81643802566992e-05,9.30517072567108e-05
"126",1.085,"Exp 2",9.5e-05,0.92593,9.56811713302462e-05,9.82375078302404e-05,9.31248348302521e-05
"127",1.109,"Exp 2",9.54e-05,0.92593,9.57482910430383e-05,9.83046275430324e-05,9.31919545430441e-05
"128",1.133,"Exp 2",9.54e-05,0.92593,9.58098889946428e-05,9.83662254946369e-05,9.32535524946486e-05
"129",1.157,"Exp 2",9.52e-05,0.92593,9.58664131452157e-05,9.84227496452099e-05,9.33100766452216e-05
"130",1.181,"Exp 2",9.52e-05,0.92593,9.59182761171279e-05,9.8474612617122e-05,9.33619396171337e-05
"131",1.205,"Exp 2",9.54e-05,0.92593,9.59658578218936e-05,9.85221943218878e-05,9.34095213218994e-05
"132",1.229,"Exp 2",9.54e-05,0.92593,9.60095079179774e-05,9.85658444179715e-05,9.34531714179832e-05
"133",1.253,"Exp 2",9.55e-05,0.92593,9.60495481059209e-05,9.86058846059151e-05,9.34932116059268e-05
"134",1.277,"Exp 2",9.55e-05,0.92593,9.60862742678444e-05,9.86426107678385e-05,9.35299377678502e-05
"135",1.301,"Exp 2",9.57e-05,0.92593,9.61199584587677e-05,9.86762949587619e-05,9.35636219587735e-05
"136",1.325,"Exp 2",9.61e-05,0.92593,9.61508507574169e-05,9.87071872574111e-05,9.35945142574228e-05
"137",1.349,"Exp 2",9.63e-05,0.92593,9.61791809842543e-05,9.87355174842485e-05,9.36228444842602e-05
"138",1.373,"Exp 2",9.63e-05,0.92593,9.62051602944366e-05,9.87614967944307e-05,9.36488237944424e-05
"139",1.397,"Exp 2",9.65e-05,0.92593,9.62289826532791e-05,9.87853191532733e-05,9.3672646153285e-05
"140",1.421,"Exp 2",9.61e-05,0.92593,9.62508262016145e-05,9.88071627016087e-05,9.36944897016204e-05
"141",1.445,"Exp 2",9.63e-05,0.92593,9.62708545181883e-05,9.88271910181825e-05,9.37145180181942e-05
"142",1.469,"Exp 2",9.65e-05,0.92593,9.62892177859583e-05,9.88455542859524e-05,9.37328812859641e-05
"143",1.493,"Exp 2",9.65e-05,0.92593,9.63060538688584e-05,9.88623903688525e-05,9.37497173688642e-05
"144",1.517,"Exp 2",9.63e-05,0.92593,9.63214893052681e-05,9.88778258052622e-05,9.37651528052739e-05
"145",1.541,"Exp 2",9.71e-05,0.92593,9.63356402241002e-05,9.88919767240944e-05,9.37793037241061e-05
"146",1.565,"Exp 2",9.71e-05,0.92593,9.63486131890891e-05,9.89049496890832e-05,9.37922766890949e-05
"147",1.589,"Exp 2",9.73e-05,0.92593,9.63605059765333e-05,9.89168424765274e-05,9.38041694765391e-05
"148",1.613,"Exp 2",9.76e-05,0.92593,9.63714082914242e-05,9.89277447914184e-05,9.38150717914301e-05
"149",1.637,"Exp 2",9.73e-05,0.92593,9.63814024265788e-05,9.8937738926573e-05,9.38250659265847e-05
"150",1.661,"Exp 2",9.73e-05,0.92593,9.63905638690915e-05,9.89469003690856e-05,9.38342273690973e-05
"151",1.685,"Exp 2",9.73e-05,0.92593,9.63989618581305e-05,9.89552983581247e-05,9.38426253581364e-05
"152",1.709,"Exp 2",9.76e-05,0.92593,9.64066598978276e-05,9.89629963978218e-05,9.38503233978334e-05
"153",1.733,"Exp 2",9.73e-05,0.92593,9.64137162287437e-05,9.89700527287378e-05,9.38573797287495e-05
"154",1.757,"Exp 2",9.76e-05,0.92593,9.64201842611486e-05,9.89765207611428e-05,9.38638477611545e-05
"155",1.781,"Exp 2",9.76e-05,0.92593,9.64261129731148e-05,9.89824494731089e-05,9.38697764731206e-05
"156",1.805,"Exp 2",9.78e-05,0.92593,9.64315472762042e-05,9.89878837761983e-05,9.387521077621e-05
"157",1.829,"Exp 2",9.78e-05,0.92593,9.64365283513232e-05,9.89928648513174e-05,9.3880191851329e-05
"158",1.853,"Exp 2",9.84e-05,0.92593,9.64410939571234e-05,9.89974304571176e-05,9.38847574571293e-05
"159",1.877,"Exp 2",9.86e-05,0.92593,9.64452787131473e-05,9.90016152131415e-05,9.38889422131531e-05
"160",1.901,"Exp 2",9.82e-05,0.92593,9.64491143597477e-05,9.90054508597419e-05,9.38927778597535e-05
"161",0.0048,"Exp 3",5.88e-05,1.38889,6.7105328727534e-05,6.98232931015896e-05,6.43873643534785e-05
"162",0.0288,"Exp 3",6.87e-05,1.38889,6.89255999145123e-05,7.16435642885679e-05,6.62076355404568e-05
"163",0.0528,"Exp 3",7.11e-05,1.38889,7.06852681266586e-05,7.34032325007142e-05,6.79673037526031e-05
"164",0.0768,"Exp 3",7.32e-05,1.38889,7.23811616244464e-05,7.50991259985019e-05,6.96631972503908e-05
"165",0.1008,"Exp 3",7.51e-05,1.38889,7.40107858547489e-05,7.67287502288044e-05,7.12928214806933e-05
"166",0.1248,"Exp 3",7.72e-05,1.38889,7.55723052661523e-05,7.82902696402078e-05,7.28543408920967e-05
"167",0.1488,"Exp 3",7.86e-05,1.38889,7.70645141069962e-05,7.97824784810518e-05,7.43465497329406e-05
"168",0.1728,"Exp 3",7.99e-05,1.38889,7.84867981696422e-05,8.12047625436978e-05,7.57688337955866e-05
"169",0.1968,"Exp 3",8.15e-05,1.38889,7.98390895104908e-05,8.25570538845464e-05,7.71211251364352e-05
"170",0.2208,"Exp 3",8.24e-05,1.38889,8.11218161434167e-05,8.38397805174722e-05,7.84038517693611e-05
"171",0.2448,"Exp 3",8.37e-05,1.38889,8.2335848592164e-05,8.50538129662196e-05,7.96178842181084e-05
"172",0.2688,"Exp 3",8.49e-05,1.38889,8.34824450143532e-05,8.62004093884088e-05,8.07644806402977e-05
"173",0.2928,"Exp 3",8.57e-05,1.38889,8.45631963956981e-05,8.72811607697537e-05,8.18452320216425e-05
"174",0.3168,"Exp 3",8.64e-05,1.38889,8.55799730760484e-05,8.82979374501039e-05,8.28620087019928e-05
"175",0.3408,"Exp 3",8.74e-05,1.38889,8.65348736248385e-05,8.9252837998894e-05,8.38169092507829e-05
"176",0.3648,"Exp 3",8.79e-05,1.38889,8.74301768453636e-05,9.01481412194192e-05,8.47122124713081e-05
"177",0.3888,"Exp 3",8.85e-05,1.38889,8.82682974648263e-05,9.09862618388819e-05,8.55503330907708e-05
"178",0.4128,"Exp 3",8.95e-05,1.38889,8.90517458670544e-05,9.176971024111e-05,8.63337814929988e-05
"179",0.4368,"Exp 3",8.97e-05,1.38889,8.97830920512073e-05,9.25010564252629e-05,8.70651276771518e-05
"180",0.4608,"Exp 3",9.04e-05,1.38889,9.04649338543693e-05,9.31828982284248e-05,8.77469694803137e-05
"181",0.4848,"Exp 3",9.13e-05,1.38889,9.10998693585467e-05,9.38178337326023e-05,8.83819049844911e-05
"182",0.5088,"Exp 3",9.13e-05,1.38889,9.1690473311763e-05,9.44084376858185e-05,8.89725089377074e-05
"183",0.5328,"Exp 3",9.2e-05,1.38889,9.22392773262676e-05,9.49572417003232e-05,8.95213129522121e-05
"184",0.5568,"Exp 3",9.23e-05,1.38889,9.27487535714139e-05,9.54667179454695e-05,9.00307891973584e-05
"185",0.5808,"Exp 3",9.23e-05,1.38889,9.3221301651318e-05,9.59392660253736e-05,9.05033372772625e-05
"186",0.6048,"Exp 3",9.33e-05,1.38889,9.36592383448197e-05,9.63772027188753e-05,9.09412739707641e-05
"187",0.6288,"Exp 3",9.33e-05,1.38889,9.40647898844914e-05,9.67827542585469e-05,9.13468255104358e-05
"188",0.6528,"Exp 3",9.33e-05,1.38889,9.44400864597414e-05,9.71580508337969e-05,9.17221220856858e-05
"189",0.6768,"Exp 3",9.4e-05,1.38889,9.47871586440101e-05,9.75051230180656e-05,9.20691942699545e-05
"190",0.7008,"Exp 3",9.42e-05,1.38889,9.51079354655987e-05,9.78258998396543e-05,9.23899710915432e-05
"191",0.7248,"Exp 3",9.42e-05,1.38889,9.54042438640938e-05,9.81222082381494e-05,9.26862794900382e-05
"192",0.7488,"Exp 3",9.48e-05,1.38889,9.56778092982726e-05,9.83957736723281e-05,9.2959844924217e-05
"193",0.7728,"Exp 3",9.5e-05,1.38889,9.59302572957278e-05,9.86482216697834e-05,9.32122929216723e-05
"194",0.7969,"Exp 3",9.48e-05,1.38889,9.61640470556913e-05,9.88820114297468e-05,9.34460826816357e-05
"195",0.8209,"Exp 3",9.52e-05,1.38889,9.63786763763398e-05,9.90966407503953e-05,9.36607120022842e-05
"196",0.8449,"Exp 3",9.55e-05,1.38889,9.65764965404209e-05,9.92944609144765e-05,9.38585321663654e-05
"197",0.8689,"Exp 3",9.54e-05,1.38889,9.67587612938921e-05,9.94767256679477e-05,9.40407969198365e-05
"198",0.8929,"Exp 3",9.57e-05,1.38889,9.6926640612978e-05,9.96446049870335e-05,9.42086762389224e-05
"199",0.9169,"Exp 3",9.61e-05,1.38889,9.70812247544339e-05,9.97991891284895e-05,9.43632603803784e-05
"200",0.9409,"Exp 3",9.59e-05,1.38889,9.72235283744629e-05,9.99414927485185e-05,9.45055640004073e-05
"201",0.9649,"Exp 3",9.61e-05,1.38889,9.73544946571377e-05,0.000100072459031193,9.46365302830821e-05
"202",0.9889,"Exp 3",9.67e-05,1.38889,9.74749994044126e-05,0.000100192963778468,9.47570350303571e-05
"203",1.013,"Exp 3",9.65e-05,1.38889,9.7586297834229e-05,0.000100304262208285,9.48683334601734e-05
"204",1.037,"Exp 3",9.65e-05,1.38889,9.76882217776205e-05,0.000100406186151676,9.49702574035649e-05
"205",1.061,"Exp 3",9.69e-05,1.38889,9.77819496719779e-05,0.000100499914046033,9.50639852979223e-05
"206",1.085,"Exp 3",9.69e-05,1.38889,9.78681265434509e-05,0.000100586090917506,9.51501621693954e-05
"207",1.109,"Exp 3",9.69e-05,1.38889,9.79473488548138e-05,0.000100665313228869,9.52293844807583e-05
"208",1.133,"Exp 3",9.76e-05,1.38889,9.80201678142009e-05,0.000100738132188256,9.53022034401453e-05
"209",1.157,"Exp 3",9.76e-05,1.38889,9.8087092514783e-05,0.000100805056888839,9.53691281407274e-05
"210",1.181,"Exp 3",9.73e-05,1.38889,9.81485929041513e-05,0.000100866557278207,9.54306285300957e-05
"211",1.205,"Exp 3",9.78e-05,1.38889,9.8205102584416e-05,0.000100923066958472,9.54871382103605e-05
"212",1.229,"Exp 3",9.78e-05,1.38889,9.82570214458048e-05,0.00010097498581986,9.55390570717492e-05
"213",1.253,"Exp 3",9.78e-05,1.38889,9.83047181379212e-05,0.000101022682511977,9.55867537638656e-05
"214",1.277,"Exp 3",9.78e-05,1.38889,9.834853238387e-05,0.000101066496757926,9.56305680098145e-05
"215",1.301,"Exp 3",9.84e-05,1.38889,9.83887771432186e-05,0.000101106741517274,9.56708127691631e-05
"216",1.325,"Exp 3",9.8e-05,1.38889,9.84257406302993e-05,0.000101143705004355,9.57077762562438e-05
"217",1.349,"Exp 3",9.86e-05,1.38889,9.8459688194702e-05,0.000101177652568758,9.57417238206464e-05
"218",1.373,"Exp 3",9.86e-05,1.38889,9.84908640709954e-05,0.000101208828445051,9.57728996969399e-05
"219",1.397,"Exp 3",9.84e-05,1.38889,9.85194930047806e-05,0.000101237457378836,9.5801528630725e-05
"220",1.421,"Exp 3",9.84e-05,1.38889,9.85457817621455e-05,0.000101263746136201,9.582781738809e-05
"221",1.445,"Exp 3",9.9e-05,1.38889,9.8569920529478e-05,0.000101287884903534,9.58519561554225e-05
"222",1.469,"Exp 3",9.88e-05,1.38889,9.859208421042e-05,0.000101310048584476,9.58741198363644e-05
"223",1.493,"Exp 3",9.88e-05,1.38889,9.86124336265296e-05,0.000101330398000585,9.5894469252474e-05
"224",1.517,"Exp 3",9.92e-05,1.38889,9.8631116627967e-05,0.000101349081002023,9.59131522539114e-05
"225",1.541,"Exp 3",9.88e-05,1.38889,9.86482691202438e-05,0.000101366233494299,9.59303047461882e-05
"226",1.565,"Exp 3",9.9e-05,1.38889,9.86640160127906e-05,0.000101381980386846,9.5946051638735e-05
"227",1.589,"Exp 3",9.97e-05,1.38889,9.86784720947991e-05,0.000101396436468855,9.59605077207435e-05
"228",1.613,"Exp 3",9.92e-05,1.38889,9.8691742843497e-05,0.000101409707217553,9.59737784694414e-05
"229",1.637,"Exp 3",9.94e-05,1.38889,9.87039251697171e-05,0.000101421889543773,9.59859607956615e-05
"230",1.661,"Exp 3",9.97e-05,1.38889,9.87151081053297e-05,0.000101433072479385,9.59971437312741e-05
"231",1.685,"Exp 3",9.94e-05,1.38889,9.87253734368223e-05,0.000101443337810878,9.60074090627668e-05
"232",1.709,"Exp 3",9.97e-05,1.38889,9.8734796289037e-05,0.000101452760663093,9.60168319149814e-05
"233",1.733,"Exp 3",1e-04,1.38889,9.87434456628089e-05,0.000101461410036864,9.60254812887533e-05
"234",1.757,"Exp 3",9.99e-05,1.38889,9.87513849299993e-05,0.000101469349304055,9.60334205559438e-05
"235",1.781,"Exp 3",9.99e-05,1.38889,9.87586722891738e-05,0.000101476636663229,9.60407079151183e-05
"236",1.805,"Exp 3",0.000101,1.38889,9.87653611849493e-05,0.000101483325559005,9.60473968108937e-05
"237",1.829,"Exp 3",0.000101,1.38889,9.87715006938181e-05,0.000101489465067874,9.60535363197626e-05
"238",1.853,"Exp 3",1e-04,1.38889,9.87771358790551e-05,0.000101495100253111,9.60591715049996e-05
"239",1.877,"Exp 3",0.000101,1.38889,9.87823081171209e-05,0.000101500272491176,9.60643437430654e-05
"240",1.901,"Exp 3",0.000101,1.38889,9.87870553977994e-05,0.000101505019771855,9.60690910237438e-05
"241",0.0048,"Exp 4",5.67e-05,1.85184,6.49525119006917e-05,6.75341692900881e-05,6.23708545112954e-05
"242",0.0288,"Exp 4",6.68e-05,1.85184,6.6766816072391e-05,6.93484734617874e-05,6.41851586829947e-05
"243",0.0528,"Exp 4",6.91e-05,1.85184,6.85220452740515e-05,7.11037026634478e-05,6.59403878846551e-05
"244",0.0768,"Exp 4",7.09e-05,1.85184,7.02147886871389e-05,7.27964460765352e-05,6.76331312977425e-05
"245",0.1008,"Exp 4",7.31e-05,1.85184,7.1842324527559e-05,7.44239819169553e-05,6.92606671381626e-05
"246",0.1248,"Exp 4",7.47e-05,1.85184,7.34026055059407e-05,7.59842628953371e-05,7.08209481165444e-05
"247",0.1488,"Exp 4",7.67e-05,1.85184,7.48942323197727e-05,7.7475889709169e-05,7.23125749303763e-05
"248",0.1728,"Exp 4",7.77e-05,1.85184,7.63164171741117e-05,7.88980745635081e-05,7.37347597847154e-05
"249",0.1968,"Exp 4",7.91e-05,1.85184,7.76689394318427e-05,8.02505968212391e-05,7.50872820424464e-05
"250",0.2208,"Exp 4",8.02e-05,1.85184,7.89520954902037e-05,8.15337528796001e-05,7.63704381008074e-05
"251",0.2448,"Exp 4",8.17e-05,1.85184,8.01666448852254e-05,8.27483022746218e-05,7.75849874958291e-05
"252",0.2688,"Exp 4",8.24e-05,1.85184,8.13137544603237e-05,8.389541184972e-05,7.87320970709273e-05
"253",0.2928,"Exp 4",8.34e-05,1.85184,8.23949422205988e-05,8.49765996099951e-05,7.98132848312024e-05
"254",0.3168,"Exp 4",8.4e-05,1.85184,8.34120222504371e-05,8.59936796398334e-05,8.08303648610407e-05
"255",0.3408,"Exp 4",8.54e-05,1.85184,8.43670518164713e-05,8.69487092058676e-05,8.17853944270749e-05
"256",0.3648,"Exp 4",8.58e-05,1.85184,8.52622815254926e-05,8.7843938914889e-05,8.26806241360963e-05
"257",0.3888,"Exp 4",8.66e-05,1.85184,8.61001091688099e-05,8.86817665582062e-05,8.35184517794135e-05
"258",0.4128,"Exp 4",8.69e-05,1.85184,8.6883037668798e-05,8.94646950581943e-05,8.43013802794016e-05
"259",0.4368,"Exp 4",8.74e-05,1.85184,8.76136373548937e-05,9.019529474429e-05,8.50319799654973e-05
"260",0.4608,"Exp 4",8.82e-05,1.85184,8.82945126374151e-05,9.08761700268114e-05,8.57128552480187e-05
"261",0.4848,"Exp 4",8.89e-05,1.85184,8.8928273018536e-05,9.15099304079324e-05,8.63466156291397e-05
"262",0.5088,"Exp 4",8.89e-05,1.85184,8.95175082792127e-05,9.2099165668609e-05,8.69358508898163e-05
"263",0.5328,"Exp 4",8.92e-05,1.85184,9.0064767606428e-05,9.26464249958244e-05,8.74831102170317e-05
"264",0.5568,"Exp 4",9.02e-05,1.85184,9.05725423737279e-05,9.31541997631243e-05,8.79908849843316e-05
"265",0.5808,"Exp 4",9.04e-05,1.85184,9.10432522562981e-05,9.36249096456944e-05,8.84615948669017e-05
"266",0.6048,"Exp 4",9.11e-05,1.85184,9.1479234346362e-05,9.40608917357584e-05,8.88975769569657e-05
"267",0.6288,"Exp 4",9.09e-05,1.85184,9.18827349322026e-05,9.44643923215989e-05,8.93010775428062e-05
"268",0.6528,"Exp 4",9.18e-05,1.85184,9.22559036116362e-05,9.48375610010326e-05,8.96742462222399e-05
"269",0.6768,"Exp 4",9.14e-05,1.85184,9.26007894256705e-05,9.51824468150668e-05,9.00191320362741e-05
"270",0.7008,"Exp 4",9.23e-05,1.85184,9.29193387180859e-05,9.55009961074822e-05,9.03376813286896e-05
"271",0.7248,"Exp 4",9.23e-05,1.85184,9.3213394449947e-05,9.57950518393434e-05,9.06317370605507e-05
"272",0.7488,"Exp 4",9.22e-05,1.85184,9.34846967230379e-05,9.60663541124343e-05,9.09030393336416e-05
"273",0.7728,"Exp 4",9.29e-05,1.85184,9.37348842917663e-05,9.63165416811626e-05,9.11532269023699e-05
"274",0.7969,"Exp 4",9.31e-05,1.85184,9.39664188531694e-05,9.65480762425658e-05,9.13847614637731e-05
"275",0.8209,"Exp 4",9.33e-05,1.85184,9.41788273763941e-05,9.67604847657905e-05,9.15971699869978e-05
"276",0.8449,"Exp 4",9.29e-05,1.85184,9.43744608279764e-05,9.69561182173727e-05,9.179280343858e-05
"277",0.8689,"Exp 4",9.36e-05,1.85184,9.45545807631964e-05,9.71362381525927e-05,9.19729233738e-05
"278",0.8929,"Exp 4",9.36e-05,1.85184,9.47203637753032e-05,9.73020211646995e-05,9.21387063859068e-05
"279",0.9169,"Exp 4",9.42e-05,1.85184,9.48729056307105e-05,9.74545630201069e-05,9.22912482413142e-05
"280",0.9409,"Exp 4",9.4e-05,1.85184,9.50132254765791e-05,9.75948828659755e-05,9.24315680871828e-05
"281",0.9649,"Exp 4",9.38e-05,1.85184,9.5142270059024e-05,9.77239274484203e-05,9.25606126696276e-05
"282",0.9889,"Exp 4",9.46e-05,1.85184,9.52609179019954e-05,9.78425752913917e-05,9.2679260512599e-05
"283",1.013,"Exp 4",9.44e-05,1.85184,9.53704188745781e-05,9.79520762639745e-05,9.27887614851818e-05
"284",1.037,"Exp 4",9.5e-05,1.85184,9.54706210252179e-05,9.80522784146143e-05,9.28889636358216e-05
"285",1.061,"Exp 4",9.44e-05,1.85184,9.55626958955592e-05,9.81443532849555e-05,9.29810385061628e-05
"286",1.085,"Exp 4",9.5e-05,1.85184,9.56472886959261e-05,9.82289460853224e-05,9.30656313065297e-05
"287",1.109,"Exp 4",9.5e-05,1.85184,9.57249956228732e-05,9.83066530122696e-05,9.31433382334769e-05
"288",1.133,"Exp 4",9.54e-05,1.85184,9.57963672307978e-05,9.83780246201942e-05,9.32147098414015e-05
"289",1.157,"Exp 4",9.52e-05,1.85184,9.58619116291372e-05,9.84435690185335e-05,9.32802542397408e-05
"290",1.181,"Exp 4",9.54e-05,1.85184,9.59220975040252e-05,9.85037548934216e-05,9.33404401146289e-05
"291",1.205,"Exp 4",9.54e-05,1.85184,9.59773569656015e-05,9.85590143549978e-05,9.33956995762051e-05
"292",1.229,"Exp 4",9.59e-05,1.85184,9.60280882239935e-05,9.86097456133898e-05,9.34464308345971e-05
"293",1.253,"Exp 4",9.54e-05,1.85184,9.60746580984094e-05,9.86563154878058e-05,9.34930007090131e-05
"294",1.277,"Exp 4",9.59e-05,1.85184,9.61174043648437e-05,9.869906175424e-05,9.35357469754473e-05
"295",1.301,"Exp 4",9.57e-05,1.85184,9.6156637948673e-05,9.87382953380693e-05,9.35749805592766e-05
"296",1.325,"Exp 4",9.63e-05,1.85184,9.61926449689597e-05,9.87743023583561e-05,9.36109875795634e-05
"297",1.349,"Exp 4",9.61e-05,1.85184,9.62256886416168e-05,9.88073460310132e-05,9.36440312522205e-05
"298",1.373,"Exp 4",9.63e-05,1.85184,9.6256011048771e-05,9.88376684381674e-05,9.36743536593747e-05
"299",1.397,"Exp 4",9.59e-05,1.85184,9.62838347817131e-05,9.88654921711094e-05,9.37021773923167e-05
"300",1.421,"Exp 4",9.67e-05,1.85184,9.63093644647742e-05,9.88910218541705e-05,9.37277070753778e-05
"301",1.445,"Exp 4",9.63e-05,1.85184,9.63327881673386e-05,9.8914445556735e-05,9.37511307779423e-05
"302",1.469,"Exp 4",9.69e-05,1.85184,9.63542787110135e-05,9.89359361004098e-05,9.37726213216172e-05
"303",1.493,"Exp 4",9.61e-05,1.85184,9.63739948787397e-05,9.89556522681361e-05,9.37923374893434e-05
"304",1.517,"Exp 4",9.69e-05,1.85184,9.63920825323619e-05,9.89737399217583e-05,9.38104251429656e-05
"305",1.541,"Exp 4",9.67e-05,1.85184,9.64086756448824e-05,9.89903330342788e-05,9.38270182554861e-05
"306",1.565,"Exp 4",9.73e-05,1.85184,9.642389725332e-05,9.90055546427164e-05,9.38422398639237e-05
"307",1.589,"Exp 4",9.69e-05,1.85184,9.64378603377846e-05,9.90195177271809e-05,9.38562029483882e-05
"308",1.613,"Exp 4",9.73e-05,1.85184,9.64506686320617e-05,9.9032326021458e-05,9.38690112426653e-05
"309",1.637,"Exp 4",9.69e-05,1.85184,9.64624173706939e-05,9.90440747600903e-05,9.38807599812976e-05
"310",1.661,"Exp 4",9.76e-05,1.85184,9.6473193977238e-05,9.90548513666343e-05,9.38915365878417e-05
"311",1.685,"Exp 4",9.73e-05,1.85184,9.64830786980826e-05,9.90647360874789e-05,9.39014213086862e-05
"312",1.709,"Exp 4",9.73e-05,1.85184,9.64921451859244e-05,9.90738025753207e-05,9.3910487796528e-05
"313",1.733,"Exp 4",9.78e-05,1.85184,9.65004610367255e-05,9.90821184261219e-05,9.39188036473292e-05
"314",1.757,"Exp 4",9.76e-05,1.85184,9.6508088283715e-05,9.90897456731114e-05,9.39264308943187e-05
"315",1.781,"Exp 4",9.82e-05,1.85184,9.65150838517461e-05,9.90967412411424e-05,9.39334264623497e-05
"316",1.805,"Exp 4",9.76e-05,1.85184,9.65214999750873e-05,9.91031573644837e-05,9.3939842585691e-05
"317",1.829,"Exp 4",9.8e-05,1.85184,9.65273845815039e-05,9.91090419709002e-05,9.39457271921075e-05
"318",1.853,"Exp 4",9.8e-05,1.85184,9.65327816452735e-05,9.91144390346699e-05,9.39511242558772e-05
"319",1.877,"Exp 4",9.86e-05,1.85184,9.65377315115907e-05,9.9119388900987e-05,9.39560741221943e-05
"320",1.901,"Exp 4",9.8e-05,1.85184,9.65422711946231e-05,9.91239285840194e-05,9.39606138052267e-05
"321",0.0048,"Exp 5",5.34e-05,2.3148,6.05750222507414e-05,6.27722741364039e-05,5.83777703650789e-05
"322",0.0288,"Exp 5",6.25e-05,2.3148,6.23474734077513e-05,6.45447252934138e-05,6.01502215220888e-05
"323",0.0528,"Exp 5",6.47e-05,2.3148,6.40602459508208e-05,6.62574978364833e-05,6.18629940651583e-05
"324",0.0768,"Exp 5",6.66e-05,2.3148,6.57097019217059e-05,6.79069538073684e-05,6.35124500360434e-05
"325",0.1008,"Exp 5",6.84e-05,2.3148,6.72929616484964e-05,6.94902135341589e-05,6.50957097628339e-05
"326",0.1248,"Exp 5",7.02e-05,2.3148,6.88078871868987e-05,7.10051390725612e-05,6.66106353012362e-05
"327",0.1488,"Exp 5",7.17e-05,2.3148,7.02530515181462e-05,7.24503034038087e-05,6.80557996324837e-05
"328",0.1728,"Exp 5",7.26e-05,2.3148,7.16276959892891e-05,7.38249478749516e-05,6.94304441036266e-05
"329",0.1968,"Exp 5",7.4e-05,2.3148,7.29316786084823e-05,7.51289304941448e-05,7.07344267228198e-05
"330",0.2208,"Exp 5",7.56e-05,2.3148,7.41654157903028e-05,7.63626676759653e-05,7.19681639046403e-05
"331",0.2448,"Exp 5",7.64e-05,2.3148,7.532982000939e-05,7.75270718950525e-05,7.31325681237275e-05
"332",0.2688,"Exp 5",7.7e-05,2.3148,7.64262355937118e-05,7.86234874793743e-05,7.42289837080493e-05
"333",0.2928,"Exp 5",7.79e-05,2.3148,7.74563746009237e-05,7.96536264865862e-05,7.52591227152612e-05
"334",0.3168,"Exp 5",7.94e-05,2.3148,7.84222544000195e-05,8.0619506285682e-05,7.6225002514357e-05
"335",0.3408,"Exp 5",8e-05,2.3148,7.93261382495487e-05,8.15233901352112e-05,7.71288863638862e-05
"336",0.3648,"Exp 5",8.04e-05,2.3148,8.01704798422261e-05,8.23677317278886e-05,7.79732279565637e-05
"337",0.3888,"Exp 5",8.1e-05,2.3148,8.09578724880159e-05,8.31551243736784e-05,7.87606206023534e-05
"338",0.4128,"Exp 5",8.2e-05,2.3148,8.16910033432127e-05,8.38882552288752e-05,7.94937514575502e-05
"339",0.4368,"Exp 5",8.25e-05,2.3148,8.23726128669675e-05,8.456986475263e-05,8.01753609813051e-05
"340",0.4608,"Exp 5",8.28e-05,2.3148,8.3005459500922e-05,8.52027113865845e-05,8.08082076152595e-05
"341",0.4848,"Exp 5",8.33e-05,2.3148,8.35922894212775e-05,8.578954130694e-05,8.1395037535615e-05
"342",0.5088,"Exp 5",8.39e-05,2.3148,8.41358111029542e-05,8.63330629886167e-05,8.19385592172917e-05
"343",0.5328,"Exp 5",8.4e-05,2.3148,8.46386743585302e-05,8.68359262441927e-05,8.24414224728677e-05
"344",0.5568,"Exp 5",8.44e-05,2.3148,8.51034534657713e-05,8.73007053514338e-05,8.29062015801088e-05
"345",0.5808,"Exp 5",8.5e-05,2.3148,8.55326339719714e-05,8.77298858576339e-05,8.33353820863089e-05
"346",0.6048,"Exp 5",8.52e-05,2.3148,8.59286027563689e-05,8.81258546420314e-05,8.37313508707064e-05
"347",0.6288,"Exp 5",8.55e-05,2.3148,8.62936409392929e-05,8.84908928249554e-05,8.40963890536304e-05
"348",0.6528,"Exp 5",8.58e-05,2.3148,8.66299192446193e-05,8.88271711302818e-05,8.44326673589569e-05
"349",0.6768,"Exp 5",8.64e-05,2.3148,8.69394954473398e-05,8.91367473330023e-05,8.47422435616773e-05
"350",0.7008,"Exp 5",8.61e-05,2.3148,8.72243135678681e-05,8.94215654535306e-05,8.50270616822056e-05
"351",0.7248,"Exp 5",8.64e-05,2.3148,8.74862045069832e-05,8.96834563926457e-05,8.52889526213207e-05
"352",0.7488,"Exp 5",8.71e-05,2.3148,8.77268878483461e-05,8.99241397340086e-05,8.55296359626836e-05
"353",0.7728,"Exp 5",8.76e-05,2.3148,8.79479745880902e-05,9.01452264737526e-05,8.57507227024277e-05
"354",0.7969,"Exp 5",8.72e-05,2.3148,8.81517805502058e-05,9.03490324358683e-05,8.59545286645433e-05
"355",0.8209,"Exp 5",8.72e-05,2.3148,8.83380237759881e-05,9.05352756616506e-05,8.61407718903256e-05
"356",0.8449,"Exp 5",8.79e-05,2.3148,8.85088941253264e-05,9.07061460109889e-05,8.63116422396639e-05
"357",0.8689,"Exp 5",8.79e-05,2.3148,8.86656069779355e-05,9.0862858863598e-05,8.6468355092273e-05
"358",0.8929,"Exp 5",8.79e-05,2.3148,8.88092903454098e-05,9.10065422310723e-05,8.66120384597473e-05
"359",0.9169,"Exp 5",8.82e-05,2.3148,8.89409897043125e-05,9.1138241589975e-05,8.674373781865e-05
"360",0.9409,"Exp 5",8.82e-05,2.3148,8.90616728177709e-05,9.12589247034334e-05,8.68644209321084e-05
"361",0.9649,"Exp 5",8.82e-05,2.3148,8.91722344888053e-05,9.13694863744678e-05,8.69749826031428e-05
"362",0.9889,"Exp 5",8.89e-05,2.3148,8.92735012010269e-05,9.14707530866894e-05,8.70762493153644e-05
"363",1.013,"Exp 5",8.89e-05,2.3148,8.93666051591105e-05,9.1563857044773e-05,8.7169353273448e-05
"364",1.037,"Exp 5",8.85e-05,2.3148,8.94514791974687e-05,9.16487310831312e-05,8.72542273118062e-05
"365",1.061,"Exp 5",8.9e-05,2.3148,8.95291744679399e-05,9.17264263536024e-05,8.73319225822775e-05
"366",1.085,"Exp 5",8.94e-05,2.3148,8.96002871165292e-05,9.17975390021917e-05,8.74030352308667e-05
"367",1.109,"Exp 5",8.9e-05,2.3148,8.96653655955775e-05,9.18626174812399e-05,8.7468113709915e-05
"368",1.133,"Exp 5",8.9e-05,2.3148,8.9724914179917e-05,9.19221660655795e-05,8.75276622942545e-05
"369",1.157,"Exp 5",8.94e-05,2.3148,8.97793962744014e-05,9.19766481600639e-05,8.7582144388739e-05
"370",1.181,"Exp 5",8.92e-05,2.3148,8.98292375160987e-05,9.20264894017612e-05,8.76319856304362e-05
"371",1.205,"Exp 5",8.95e-05,2.3148,8.98748286763663e-05,9.20720805620288e-05,8.76775767907038e-05
"372",1.229,"Exp 5",9e-05,2.3148,8.99165283694792e-05,9.21137802551417e-05,8.77192764838167e-05
"373",1.253,"Exp 5",8.99e-05,2.3148,8.9954665575527e-05,9.21519174611895e-05,8.77574136898645e-05
"374",1.277,"Exp 5",8.95e-05,2.3148,8.99895419860169e-05,9.21867938716794e-05,8.77922901003544e-05
"375",1.301,"Exp 5",8.99e-05,2.3148,9.00214341810668e-05,9.22186860667293e-05,8.78241822954043e-05
"376",1.325,"Exp 5",9.02e-05,2.3148,9.00505956473087e-05,9.22478475329712e-05,8.78533437616462e-05
"377",1.349,"Exp 5",8.99e-05,2.3148,9.00772586456839e-05,9.22745105313464e-05,8.78800067600214e-05
"378",1.373,"Exp 5",8.97e-05,2.3148,9.01016359382363e-05,9.22988878238988e-05,8.79043840525738e-05
"379",1.397,"Exp 5",9.04e-05,2.3148,9.01239223828363e-05,9.23211742684988e-05,8.79266704971738e-05
"380",1.421,"Exp 5",9.02e-05,2.3148,9.0144296404506e-05,9.23415482901685e-05,8.79470445188435e-05
"381",1.445,"Exp 5",9.02e-05,2.3148,9.01629213517058e-05,9.23601732373683e-05,8.79656694660433e-05
"382",1.469,"Exp 5",9.06e-05,2.3148,9.01799467455857e-05,9.23771986312482e-05,8.79826948599232e-05
"383",1.493,"Exp 5",9.02e-05,2.3148,9.01955094298194e-05,9.23927613154819e-05,8.79982575441569e-05
"384",1.517,"Exp 5",9.04e-05,2.3148,9.02097346282466e-05,9.24069865139091e-05,8.80124827425841e-05
"385",1.541,"Exp 5",9.11e-05,2.3148,9.02227369171385e-05,9.2419988802801e-05,8.8025485031476e-05
"386",1.565,"Exp 5",9.06e-05,2.3148,9.02346211184995e-05,9.2431873004162e-05,8.8037369232837e-05
"387",1.589,"Exp 5",9.06e-05,2.3148,9.02454831204193e-05,9.24427350060818e-05,8.80482312347568e-05
"388",1.613,"Exp 5",9.11e-05,2.3148,9.02554106300977e-05,9.24526625157602e-05,8.80581587444352e-05
"389",1.637,"Exp 5",9.09e-05,2.3148,9.02644838647904e-05,9.24617357504529e-05,8.80672319791279e-05
"390",1.661,"Exp 5",9.09e-05,2.3148,9.02727761855616e-05,9.24700280712241e-05,8.80755242998991e-05
"391",1.685,"Exp 5",9.13e-05,2.3148,9.02803546783826e-05,9.24776065640451e-05,8.80831027927201e-05
"392",1.709,"Exp 5",9.13e-05,2.3148,9.02872806867908e-05,9.24845325724533e-05,8.80900288011283e-05
"393",1.733,"Exp 5",9.09e-05,2.3148,9.02936103000112e-05,9.24908621856737e-05,8.80963584143487e-05
"394",1.757,"Exp 5",9.14e-05,2.3148,9.02993948001518e-05,9.24966466858143e-05,8.81021429144893e-05
"395",1.781,"Exp 5",9.16e-05,2.3148,9.03046810718106e-05,9.25019329574731e-05,8.81074291861481e-05
"396",1.805,"Exp 5",9.09e-05,2.3148,9.03095119771755e-05,9.2506763862838e-05,8.8112260091513e-05
"397",1.829,"Exp 5",9.13e-05,2.3148,9.03139266994572e-05,9.25111785851197e-05,8.81166748137947e-05
"398",1.853,"Exp 5",9.18e-05,2.3148,9.03179610572764e-05,9.25152129429389e-05,8.81207091716139e-05
"399",1.877,"Exp 5",9.18e-05,2.3148,9.03216477924133e-05,9.25188996780758e-05,8.81243959067508e-05
"400",1.901,"Exp 5",9.14e-05,2.3148,9.03250168331408e-05,9.25222687188033e-05,8.81277649474783e-05
"401",0.0048,"Exp 6",4.72e-05,3.19442,5.10062366320366e-05,5.21384880379933e-05,4.98739852260798e-05
"402",0.0288,"Exp 6",5.25e-05,3.19442,5.2359690681425e-05,5.34919420873818e-05,5.12274392754682e-05
"403",0.0528,"Exp 6",5.42e-05,3.19442,5.3657693824741e-05,5.47899452306978e-05,5.25254424187842e-05
"404",0.0768,"Exp 6",5.56e-05,3.19442,5.48983793122117e-05,5.60306307181685e-05,5.37661279062549e-05
"405",0.1008,"Exp 6",5.68e-05,3.19442,5.60805090790535e-05,5.72127604850103e-05,5.49482576730967e-05
"406",0.1248,"Exp 6",5.78e-05,3.19442,5.72034353639385e-05,5.83356867698953e-05,5.60711839579818e-05
"407",0.1488,"Exp 6",5.89e-05,3.19442,5.82670538241654e-05,5.93993052301222e-05,5.71348024182086e-05
"408",0.1728,"Exp 6",5.99e-05,3.19442,5.92717506181255e-05,6.04040020240823e-05,5.81394992121688e-05
"409",0.1968,"Exp 6",6.08e-05,3.19442,6.02183457901118e-05,6.13505971960686e-05,5.90860943841551e-05
"410",0.2208,"Exp 6",6.18e-05,3.19442,6.11080350675577e-05,6.22402864735145e-05,5.99757836616009e-05
"411",0.2448,"Exp 6",6.25e-05,3.19442,6.1942331896563e-05,6.30745833025197e-05,6.08100804906062e-05
"412",0.2688,"Exp 6",6.32e-05,3.19442,6.27230112259888e-05,6.38552626319456e-05,6.1590759820032e-05
"413",0.2928,"Exp 6",6.37e-05,3.19442,6.34520562274671e-05,6.45843076334239e-05,6.23198048215104e-05
"414",0.3168,"Exp 6",6.43e-05,3.19442,6.41316088274138e-05,6.52638602333706e-05,6.29993574214571e-05
"415",0.3408,"Exp 6",6.48e-05,3.19442,6.47639246414369e-05,6.58961760473937e-05,6.36316732354801e-05
"416",0.3648,"Exp 6",6.53e-05,3.19442,6.53513326503373e-05,6.64835840562941e-05,6.42190812443806e-05
"417",0.3888,"Exp 6",6.59e-05,3.19442,6.58961997448899e-05,6.70284511508467e-05,6.47639483389331e-05
"418",0.4128,"Exp 6",6.65e-05,3.19442,6.64009000949405e-05,6.75331515008973e-05,6.52686486889837e-05
"419",0.4368,"Exp 6",6.68e-05,3.19442,6.68677891656334e-05,6.80000405715902e-05,6.57355377596766e-05
"420",0.4608,"Exp 6",6.72e-05,3.19442,6.72991821065381e-05,6.84314335124949e-05,6.61669307005813e-05
"421",0.4848,"Exp 6",6.76e-05,3.19442,6.76973361737525e-05,6.88295875797093e-05,6.65650847677957e-05
"422",0.5088,"Exp 6",6.77e-05,3.19442,6.8064436805869e-05,6.91966882118258e-05,6.69321853999122e-05
"423",0.5328,"Exp 6",6.8e-05,3.19442,6.84025869570993e-05,6.95348383630561e-05,6.72703355511425e-05
"424",0.5568,"Exp 6",6.84e-05,3.19442,6.87137992902006e-05,6.98460506961574e-05,6.75815478842438e-05
"425",0.5808,"Exp 6",6.86e-05,3.19442,6.89999908439061e-05,7.01322422498629e-05,6.78677394379493e-05
"426",0.6048,"Exp 6",6.88e-05,3.19442,6.92629798106813e-05,7.03952312166381e-05,6.81307284047245e-05
"427",0.6288,"Exp 6",6.92e-05,3.19442,6.95044840877228e-05,7.06367354936795e-05,6.8372232681766e-05
"428",0.6528,"Exp 6",6.95e-05,3.19442,6.97261212946907e-05,7.08583727006475e-05,6.85938698887339e-05
"429",0.6768,"Exp 6",6.97e-05,3.19442,6.99294099837734e-05,7.10616613897302e-05,6.87971585778166e-05
"430",0.7008,"Exp 6",6.99e-05,3.19442,7.01157717998205e-05,7.12480232057772e-05,6.89835203938637e-05
"431",0.7248,"Exp 6",7e-05,3.19442,7.02865343793943e-05,7.14187857853511e-05,6.91542829734375e-05
"432",0.7488,"Exp 6",6.99e-05,3.19442,7.04429348069262e-05,7.1575186212883e-05,6.93106834009694e-05
"433",0.7728,"Exp 6",7.01e-05,3.19442,7.05861234732586e-05,7.17183748792154e-05,6.94538720673018e-05
"434",0.7969,"Exp 6",7.03e-05,3.19442,7.07176902302162e-05,7.1849941636173e-05,6.95854388242594e-05
"435",0.8209,"Exp 6",7.03e-05,3.19442,7.0837536079373e-05,7.19697874853298e-05,6.97052846734162e-05
"436",0.8449,"Exp 6",7.05e-05,3.19442,7.09471468854133e-05,7.20793982913701e-05,6.98148954794565e-05
"437",0.8689,"Exp 6",7.05e-05,3.19442,7.10473685076644e-05,7.21796199136212e-05,6.99151171017077e-05
"438",0.8929,"Exp 6",7.08e-05,3.19442,7.11389816212969e-05,7.22712330272537e-05,7.00067302153401e-05
"439",0.9169,"Exp 6",7.1e-05,3.19442,7.1222705940179e-05,7.23549573461358e-05,7.00904545342222e-05
"440",0.9409,"Exp 6",7.09e-05,3.19442,7.12992043080289e-05,7.24314557139857e-05,7.01669529020721e-05
"441",0.9649,"Exp 6",7.11e-05,3.19442,7.13690866329487e-05,7.25013380389055e-05,7.02368352269919e-05
"442",0.9889,"Exp 6",7.1e-05,3.19442,7.14329136478278e-05,7.25651650537845e-05,7.0300662241871e-05
"443",1.013,"Exp 6",7.11e-05,3.19442,7.14914324318342e-05,7.2623683837791e-05,7.03591810258774e-05
"444",1.037,"Exp 6",7.11e-05,3.19442,7.15446318268227e-05,7.26768832327795e-05,7.04123804208659e-05
"445",1.061,"Exp 6",7.13e-05,3.19442,7.15931995755651e-05,7.27254509815219e-05,7.04609481696083e-05
"446",1.085,"Exp 6",7.13e-05,3.19442,7.16375333850446e-05,7.27697847910014e-05,7.05052819790878e-05
"447",1.109,"Exp 6",7.15e-05,3.19442,7.1677997742699e-05,7.28102491486558e-05,7.05457463367422e-05
"448",1.133,"Exp 6",7.16e-05,3.19442,7.17149265338454e-05,7.28471779398022e-05,7.05826751278886e-05
"449",1.157,"Exp 6",7.16e-05,3.19442,7.17486254799027e-05,7.28808768858595e-05,7.06163740739459e-05
"450",1.181,"Exp 6",7.17e-05,3.19442,7.17793744048338e-05,7.29116258107906e-05,7.0647122998877e-05
"451",1.205,"Exp 6",7.15e-05,3.19442,7.18074293379054e-05,7.29396807438621e-05,7.06751779319486e-05
"452",1.229,"Exp 6",7.15e-05,3.19442,7.18330244612738e-05,7.29652758672306e-05,7.07007730553171e-05
"453",1.253,"Exp 6",7.16e-05,3.19442,7.18563739111058e-05,7.29886253170626e-05,7.0724122505149e-05
"454",1.277,"Exp 6",7.17e-05,3.19442,7.18776734409767e-05,7.30099248469335e-05,7.074542203502e-05
"455",1.301,"Exp 6",7.2e-05,3.19442,7.1897101956197e-05,7.30293533621538e-05,7.07648505502402e-05
"456",1.325,"Exp 6",7.21e-05,3.19442,7.19148229275214e-05,7.30470743334782e-05,7.07825715215646e-05
"457",1.349,"Exp 6",7.22e-05,3.19442,7.19309856924306e-05,7.30632370983874e-05,7.07987342864738e-05
"458",1.373,"Exp 6",7.21e-05,3.19442,7.19457266518525e-05,7.30779780578093e-05,7.08134752458957e-05
"459",1.397,"Exp 6",7.22e-05,3.19442,7.19591703698365e-05,7.30914217757933e-05,7.08269189638797e-05
"460",1.421,"Exp 6",7.21e-05,3.19442,7.19714305833112e-05,7.3103681989268e-05,7.08391791773544e-05
"461",1.445,"Exp 6",7.21e-05,3.19442,7.19826111286652e-05,7.3114862534622e-05,7.08503597227084e-05
"462",1.469,"Exp 6",7.22e-05,3.19442,7.19928067914945e-05,7.31250581974513e-05,7.08605553855377e-05
"463",1.493,"Exp 6",7.22e-05,3.19442,7.20021040854644e-05,7.31343554914212e-05,7.08698526795076e-05
"464",1.517,"Exp 6",7.21e-05,3.19442,7.20105819658496e-05,7.31428333718064e-05,7.08783305598928e-05
"465",1.541,"Exp 6",7.24e-05,3.19442,7.20183124829394e-05,7.31505638888962e-05,7.08860610769826e-05
"466",1.565,"Exp 6",7.24e-05,3.19442,7.20253613801335e-05,7.31576127860903e-05,7.08931099741767e-05
"467",1.589,"Exp 6",7.25e-05,3.19442,7.20317886412109e-05,7.31640400471677e-05,7.08995372352541e-05
"468",1.613,"Exp 6",7.24e-05,3.19442,7.20376489909232e-05,7.316990039688e-05,7.09053975849665e-05
"469",1.637,"Exp 6",7.25e-05,3.19442,7.20429923527559e-05,7.31752437587127e-05,7.09107409467991e-05
"470",1.661,"Exp 6",7.23e-05,3.19442,7.20478642674058e-05,7.31801156733625e-05,7.0915612861449e-05
"471",1.685,"Exp 6",7.23e-05,3.19442,7.20523062752516e-05,7.31845576812084e-05,7.09200548692948e-05
"472",1.709,"Exp 6",7.24e-05,3.19442,7.20563562658367e-05,7.31886076717935e-05,7.09241048598799e-05
"473",1.733,"Exp 6",7.24e-05,3.19442,7.20600487971409e-05,7.31923002030977e-05,7.09277973911841e-05
"474",1.757,"Exp 6",7.24e-05,3.19442,7.20634153872013e-05,7.3195666793158e-05,7.09311639812445e-05
"475",1.781,"Exp 6",7.24e-05,3.19442,7.20664847804288e-05,7.31987361863856e-05,7.0934233374472e-05
"476",1.805,"Exp 6",7.25e-05,3.19442,7.20692831907795e-05,7.32015345967363e-05,7.09370317848227e-05
"477",1.829,"Exp 6",7.25e-05,3.19442,7.20718345237607e-05,7.32040859297175e-05,7.09395831178039e-05
"478",1.853,"Exp 6",7.25e-05,3.19442,7.20741605790872e-05,7.3206411985044e-05,7.09419091731305e-05
"479",1.877,"Exp 6",7.25e-05,3.19442,7.20762812356537e-05,7.32085326416105e-05,7.0944029829697e-05
"480",1.901,"Exp 6",7.29e-05,3.19442,7.20782146203471e-05,7.32104660263039e-05,7.09459632143903e-05
